{
	"credit": "Made with Blockbench",
	"parent": "minecraft:block/pointed_dripstone",
	"textures": {
		"cross": "block/pointed_dripstone_up_frustum"
	},
	"elements": [
		{
			"from": [2, 0, 2],
			"to": [14, 5, 14],
			"faces": {
				"north": {"uv": [2, 11, 14, 16], "texture": "#cross"},
				"east": {"uv": [2, 11, 14, 16], "texture": "#cross"},
				"south": {"uv": [2, 11, 14, 16], "texture": "#cross"},
				"west": {"uv": [2, 11, 14, 16], "texture": "#cross"},
				"up": {"uv": [2, 11, 14, 16], "texture": "#cross"},
				"down": {"uv": [2, 11, 14, 16], "texture": "#cross"}
			}
		},
		{
			"from": [2, 5, 2],
			"to": [13, 8, 13],
			"faces": {
				"north": {"uv": [3, 8, 14, 11], "texture": "#cross"},
				"east": {"uv": [3, 8, 14, 11], "texture": "#cross"},
				"south": {"uv": [3, 8, 14, 11], "texture": "#cross"},
				"west": {"uv": [3, 8, 14, 11], "texture": "#cross"},
				"up": {"uv": [3, 8, 14, 11], "texture": "#cross"},
				"down": {"uv": [3, 8, 14, 11], "texture": "#cross"}
			}
		},
		{
			"from": [3, 8, 3],
			"to": [13, 11, 13],
			"faces": {
				"north": {"uv": [3, 5, 13, 8], "texture": "#cross"},
				"east": {"uv": [3, 5, 13, 8], "texture": "#cross"},
				"south": {"uv": [3, 5, 13, 8], "texture": "#cross"},
				"west": {"uv": [3, 5, 13, 8], "texture": "#cross"},
				"up": {"uv": [3, 5, 13, 8], "texture": "#cross"},
				"down": {"uv": [3, 5, 13, 8], "texture": "#cross"}
			}
		},
		{
			"from": [3, 11, 4],
			"to": [12, 14, 13],
			"faces": {
				"north": {"uv": [4, 2, 13, 5], "texture": "#cross"},
				"east": {"uv": [4, 2, 13, 5], "texture": "#cross"},
				"south": {"uv": [4, 2, 13, 5], "texture": "#cross"},
				"west": {"uv": [4, 2, 13, 5], "texture": "#cross"},
				"up": {"uv": [4, 2, 13, 5], "texture": "#cross"},
				"down": {"uv": [4, 2, 13, 5], "texture": "#cross"}
			}
		},
		{
			"from": [4, 14, 4],
			"to": [12, 16, 12],
			"faces": {
				"north": {"uv": [4, 0, 12, 2], "texture": "#cross"},
				"east": {"uv": [4, 0, 12, 2], "texture": "#cross"},
				"south": {"uv": [4, 0, 12, 2], "texture": "#cross"},
				"west": {"uv": [4, 0, 12, 2], "texture": "#cross"},
				"up": {"uv": [4, 0, 12, 2], "texture": "#cross"},
				"down": {"uv": [4, 0, 12, 2], "texture": "#cross"}
			}
		}
	]
}