{
  "parent": "minecraft:item/generated",
  "textures": {
    "layer0": "minecraft:item/totem_of_undying"
  },  
  "display": {
        "ground": {
            "rotation": [ 0, 0, 0 ],
            "translation": [ 0, 2, 0],
            "scale":[ 0.6, 0.6, 0.6 ]
        },
        "firstperson_righthand": {
          "rotation": [0, -90, 25],
          "translation": [1.13, 3.2, 1.13],
          "scale": [0.34, 0.34, 0.34]
        },
        "thirdperson_righthand": {
            "rotation": [ 0, 0, 0 ],
            "translation": [ 0, 3, 1 ],
            "scale": [ 0.6, 0.6, 0.6 ]
        },
        "firstperson_lefthand": {
          "rotation": [0, 90, -25],
          "translation": [1.13, 3.2, 1.13],
          "scale": [0.34, 0.34, 0.34]
        },
        "fixed": {
            "rotation": [ 0, 180, 0 ],
            "translation": [ 0, -4, 0 ],
            "scale": [ 0.3, 0.3, 0.3 ]
        }
  }
}